"id","created_at","updated_at","deleted_at","deletedTracker","published_at","locale_name","default_entity_locale_id","organization_name","created_by_id","updated_by_id","bid_plus_gem_portal_ministry_master_id_id"
5,2025-11-13 16:52:45.770,2025-11-13 16:52:45.770,,not-deleted,,,,BENGAL CHEMICALS AND PHARMACEUTICALS LIMITED (BCPL),,,5
1042,2025-11-13 16:52:45.770,2025-11-13 16:52:45.770,,not-deleted,,,,EX-SERVICEMEN CONTRIBUTORY HEALTH SCHEME (ECHS),,,319
1589,2025-11-13 16:52:45.770,2025-11-13 16:52:45.770,,not-deleted,,,,MOD SECTT ESTABLISHMENT,,,319
1525,2025-11-13 16:52:45.770,2025-11-13 16:52:45.770,,not-deleted,,,,MAZAGON DOCK SHIPBUILDERS LIMITED,,,319
646,2025-11-13 16:52:45.770,2025-11-13 16:52:45.770,,not-deleted,,,,BORDER ROAD ORGANISATION,,,319
2264,2025-11-13 16:52:45.770,2025-11-13 16:52:45.770,,not-deleted,,,,BRIDGE AND ROOF COMPANY (INDIA) LIMITED,,,2119
158,2025-11-13 16:52:45.770,2025-11-13 16:52:45.770,,not-deleted,,,,NATIONAL INSTITUTE OF PHARMACEUTICAL EDUCATION AND RESEARCH (NIPER) GUWAHATI,,,5
6,2025-11-13 16:52:45.770,2025-11-13 16:52:45.770,,not-deleted,,,,BRAHMAPUTRA VALLEY FERTILIZER CORPORATION LIMITED (BVFCL),,,5
19,2025-11-13 16:52:45.770,2025-11-13 16:52:45.770,,not-deleted,,,,CENTRAL INSTITUTE OF PETROCHEMICALS ENGINEERING AND TECHNOLOGY (CIPET),,,5
1552,2025-11-13 16:52:45.770,2025-11-13 16:52:45.770,,not-deleted,,,,MISHRA DHATU NIGAM LIMITED (MIDHANI),,,319
446,2025-11-13 16:52:45.770,2025-11-13 16:52:45.770,,not-deleted,,,,ARMOURED VEHICLES NIGAM LIMITED,,,319
63,2025-11-13 16:52:45.770,2025-11-13 16:52:45.770,,not-deleted,,,,"JOINT VENTURE OF CIL, NTPC, IOCL, FCIL & HFCL",,,5
99,2025-11-13 16:52:45.770,2025-11-13 16:52:45.770,,not-deleted,,,,KARNATAKA ANTIBIOTICS AND PHARMACEUTICALS LIMITED,,,5
100,2025-11-13 16:52:45.770,2025-11-13 16:52:45.770,,not-deleted,,,,MADRAS FERTILIZERS LIMITED (MFL),,,5
174,2025-11-13 16:52:45.770,2025-11-13 16:52:45.770,,not-deleted,,,,NATIONAL INSTITUTE OF PHARMACEUTICAL EDUCATION AND RESEARCH (NIPER) RAE BARELI,,,5
21,2025-11-13 16:52:45.770,2025-11-13 16:52:45.770,,not-deleted,,,,CENTRAL INSTITUTE OF PLASTICS ENGINEERING AND TECHNOLOGY (CIPET),,,5
34,2025-11-13 16:52:45.770,2025-11-13 16:52:45.770,,not-deleted,,,,FCI ARAVALI GYPSUM AND MINERALS INDIA LIMITED (FAGMIL),,,5
36,2025-11-13 16:52:45.770,2025-11-13 16:52:45.770,,not-deleted,,,,HINDUSTAN ANTIBIOTICS LIMITED,,,5
2119,2025-11-13 16:52:45.770,2025-11-13 16:52:45.770,,not-deleted,,,,ANDREW YULE COMPANY LIMITED,,,2119
1855,2025-11-13 16:52:45.770,2025-11-13 16:52:45.770,,not-deleted,,,,OFFICE OF DG (ECS),,,319
833,2025-11-13 16:52:45.770,2025-11-13 16:52:45.770,,not-deleted,,,,DG OF DEFENCE ESTATE,,,319
883,2025-11-13 16:52:45.770,2025-11-13 16:52:45.770,,not-deleted,,,,DIRECTOR GENERAL OF NATIONAL CADET CORPS (DGNCC),,,319
1052,2025-11-13 16:52:45.770,2025-11-13 16:52:45.770,,not-deleted,,,,GARDEN REACH SHIP BUILDERS AND ENGINEERS LIMITED (GRSE),,,319
596,2025-11-13 16:52:45.770,2025-11-13 16:52:45.770,,not-deleted,,,,BHARAT ELECTRONICS LIMITED (BEL),,,319
2386,2025-11-13 16:52:45.770,2025-11-13 16:52:45.770,,not-deleted,,,,RAJASTHAN ELECTRONICS AND INSTRUMENTS LIMITED (REIL) - SOLAR PV MONITORING SYSTEM JAIPUR,,,2119
1627,2025-11-13 16:52:45.770,2025-11-13 16:52:45.770,,not-deleted,,,,MUNITIONS INDIA LIMITED,,,319
933,2025-11-13 16:52:45.770,2025-11-13 16:52:45.770,,not-deleted,,,,DIRECTORATE GENERAL OF QUALITY ASSURANCE ( DGQA),,,319
180,2025-11-13 16:52:45.770,2025-11-13 16:52:45.770,,not-deleted,,,,NATIONAL INSTITUTE OF PHARMACEUTICAL EDUCATION AND RESEARCH (NIPER)MOHALI,,,5
37,2025-11-13 16:52:45.770,2025-11-13 16:52:45.770,,not-deleted,,,,HINDUSTAN ORGANIC CHEMICALS LIMITED,,,5
197,2025-11-13 16:52:45.770,2025-11-13 16:52:45.770,,not-deleted,,,,NATIONAL LNSTITUTE OF PHARMACEUTICAL EDUCATION AND RESEARCH (NIPER)HAJIPUR,,,5
200,2025-11-13 16:52:45.770,2025-11-13 16:52:45.770,,not-deleted,,,,PROJECTS AND DEVELOPMENT INDIA LIMITED (PDIL),,,5
56,2025-11-13 16:52:45.770,2025-11-13 16:52:45.770,,not-deleted,,,,INSTITUTE OF PESTICIDE FORMULATION TECHNOLOGY (IPFT) GURGAON HARYANA,,,5
319,2025-11-13 16:52:45.770,2025-11-13 16:52:45.770,,not-deleted,,,,ADVANCED WEAPONS AND EQUIPMENT INDIA LIMITED,,,319
1705,2025-11-13 16:52:45.770,2025-11-13 16:52:45.770,,not-deleted,,,,OFFICE OF DG ( NS & M),,,319
749,2025-11-13 16:52:45.770,2025-11-13 16:52:45.770,,not-deleted,,,,DEFENCE RESEARCH AND DEVELOPMENT ORGANISATION (DRDO),,,319
1677,2025-11-13 16:52:45.770,2025-11-13 16:52:45.770,,not-deleted,,,,NAINI AEROSPACE LIMITED,,,319
546,2025-11-13 16:52:45.770,2025-11-13 16:52:45.770,,not-deleted,,,,BHARAT EARTH MOVERS LIMITED (BEML),,,319
269,2025-11-13 16:52:45.770,2025-11-13 16:52:45.770,,not-deleted,,,,THE FERTILISERS AND CHEMICALS TRAVANCORE LIMITED,,,5
201,2025-11-13 16:52:45.770,2025-11-13 16:52:45.770,,not-deleted,,,,RAMAGUNDAM FERTILIZERS AND CHEMICALS LTD,,,5
783,2025-11-13 16:52:45.770,2025-11-13 16:52:45.770,,not-deleted,,,,DG ARMED FORCES MEDICAL SERVICE,,,319
779,2025-11-13 16:52:45.770,2025-11-13 16:52:45.770,,not-deleted,,,,DEPARTMENT OF EX SEVICEMEN WELFARE,,,319
396,2025-11-13 16:52:45.770,2025-11-13 16:52:45.770,,not-deleted,,,,ARMED FORCES TRIBUNAL,,,319
214,2025-11-13 16:52:45.770,2025-11-13 16:52:45.770,,not-deleted,,,,RASHTRIYA CHEMICALS AND FERTILIZERS LIMITED (RCF),,,5
264,2025-11-13 16:52:45.770,2025-11-13 16:52:45.770,,not-deleted,,,,TALCHER FERTILIZERS LIMITED,,,5
1475,2025-11-13 16:52:45.770,2025-11-13 16:52:45.770,,not-deleted,,,,INDIAN NAVY,,,319
103,2025-11-13 16:52:45.770,2025-11-13 16:52:45.770,,not-deleted,,,,NATIONAL FERTILIZERS LIMITED (NFL),,,5
1425,2025-11-13 16:52:45.770,2025-11-13 16:52:45.770,,not-deleted,,,,INDIAN COAST GUARD,,,319
983,2025-11-13 16:52:45.770,2025-11-13 16:52:45.770,,not-deleted,,,,DIRECTORATE OF ORDNANCE COORDINATION AND SERVICES,,,319
153,2025-11-13 16:52:45.770,2025-11-13 16:52:45.770,,not-deleted,,,,NATIONAL INSTITUTE OF PHARMACEUTICAL EDUCATION AND RESEARCH (NIPER) - AHMEDABAD,,,5
1033,2025-11-13 16:52:45.770,2025-11-13 16:52:45.770,,not-deleted,,,,DIRECTORATE OF PLANNING AND COORDINATION,,,319
1036,2025-11-13 16:52:45.770,2025-11-13 16:52:45.770,,not-deleted,,,,DIRECTORATE OF PUBLIC RELATIONS,,,319
1375,2025-11-13 16:52:45.770,2025-11-13 16:52:45.770,,not-deleted,,,,INDIAN ARMY,,,319
1102,2025-11-13 16:52:45.770,2025-11-13 16:52:45.770,,not-deleted,,,,GLIDERS INDIA LIMITED,,,319
1037,2025-11-13 16:52:45.770,2025-11-13 16:52:45.770,,not-deleted,,,,DIRECTORATE OF STANDARDISATION,,,319
369,2025-11-13 16:52:45.770,2025-11-13 16:52:45.770,,not-deleted,,,,AERONAUTICAL DEVELOPMENT AGENCY,,,319
1115,2025-11-13 16:52:45.770,2025-11-13 16:52:45.770,,not-deleted,,,,GOA SHIPYARD LIMITED,,,319
1165,2025-11-13 16:52:45.770,2025-11-13 16:52:45.770,,not-deleted,,,,HINDUSTAN AERONAUTICS LIMITED (HAL),,,319
496,2025-11-13 16:52:45.770,2025-11-13 16:52:45.770,,not-deleted,,,,BHARAT DYNAMICS LIMITED,,,319
696,2025-11-13 16:52:45.770,2025-11-13 16:52:45.770,,not-deleted,,,,CONTROLLER GENERAL OF DEFENCE ACCOUNTS,,,319
1275,2025-11-13 16:52:45.770,2025-11-13 16:52:45.770,,not-deleted,,,,INDIA OPTEL LIMITED,,,319
746,2025-11-13 16:52:45.770,2025-11-13 16:52:45.770,,not-deleted,,,,DDP ESTABLISHMENT SECRETARIAT,,,319
1325,2025-11-13 16:52:45.770,2025-11-13 16:52:45.770,,not-deleted,,,,INDIAN AIR FORCE,,,319
2272,2025-11-13 16:52:45.770,2025-11-13 16:52:45.770,,not-deleted,,,,CEMENT CORPORATION OF INDIA LIMITED (CCI),,,2119
2374,2025-11-13 16:52:45.770,2025-11-13 16:52:45.770,,not-deleted,,,,INSTRUMENTATION LIMITED,,,2119
2024,2025-11-13 16:52:45.770,2025-11-13 16:52:45.770,,not-deleted,,,,SAINIK SCHOOL SANGATHAN,,,319
1215,2025-11-13 16:52:45.770,2025-11-13 16:52:45.770,,not-deleted,,,,HINDUSTAN SHIPYARD LIMITED (HSL),,,319
2298,2025-11-13 16:52:45.770,2025-11-13 16:52:45.770,,not-deleted,,,,CENTRAL MANUFACTURING TECHNOLOGY INSTITUTE,,,2119
1901,2025-11-13 16:52:45.770,2025-11-13 16:52:45.770,,not-deleted,,,,OFFICE OF DG (HR),,,319
1225,2025-11-13 16:52:45.770,2025-11-13 16:52:45.770,,not-deleted,,,,HQIDS,,,319
1962,2025-11-13 16:52:45.770,2025-11-13 16:52:45.770,,not-deleted,,,,OFFICE OF DG (MSS),,,319
1755,2025-11-13 16:52:45.770,2025-11-13 16:52:45.770,,not-deleted,,,,OFFICE OF DG (ACE),,,319
2038,2025-11-13 16:52:45.770,2025-11-13 16:52:45.770,,not-deleted,,,,THE DIRECTORATE GENERAL OF AERONAUTICAL QUALITY ASSURANCE,,,319
2169,2025-11-13 16:52:45.770,2025-11-13 16:52:45.770,,not-deleted,,,,ANDREW YULE AND COMPANY LIMITED,,,2119
2012,2025-11-13 16:52:45.770,2025-11-13 16:52:45.770,,not-deleted,,,,OFFICE OF DG R & D (R & M),,,319
2214,2025-11-13 16:52:45.770,2025-11-13 16:52:45.770,,not-deleted,,,,BHARAT HEAVY ELECTRICALS LIMITED (BHEL),,,2119
2018,2025-11-13 16:52:45.770,2025-11-13 16:52:45.770,,not-deleted,,,,OFFICE OF DG R & D (SAM),,,319
1681,2025-11-13 16:52:45.770,2025-11-13 16:52:45.770,,not-deleted,,,,OFFICE OF DG ( MED & COS),,,319
2022,2025-11-13 16:52:45.770,2025-11-13 16:52:45.770,,not-deleted,,,,OFFICE OF JS AND CHIEF ADMINISTRATIVE OFFICER,,,319
1805,2025-11-13 16:52:45.770,2025-11-13 16:52:45.770,,not-deleted,,,,OFFICE OF DG (AERO),,,319
2042,2025-11-13 16:52:45.770,2025-11-13 16:52:45.770,,not-deleted,,,,TROOP COMFORTS LIMITED,,,319
1912,2025-11-13 16:52:45.770,2025-11-13 16:52:45.770,,not-deleted,,,,OFFICE OF DG (LS),,,319
2311,2025-11-13 16:52:45.770,2025-11-13 16:52:45.770,,not-deleted,,,,ENGINEERING PROJECTS (INDIA) LTD.,,,2119
2069,2025-11-13 16:52:45.770,2025-11-13 16:52:45.770,,not-deleted,,,,YANTRA INDIA LIMITED,,,319
2313,2025-11-13 16:52:45.770,2025-11-13 16:52:45.770,,not-deleted,,,,HEAVY ENGINEERING CORPORATION LIMITED (HEC),,,2119
2323,2025-11-13 16:52:45.770,2025-11-13 16:52:45.770,,not-deleted,,,,HMT LIMITED,,,2119
2406,2025-11-13 16:52:45.770,2025-11-13 16:52:45.770,,not-deleted,,,,RICHARDSON AND CRUDDAS 1972 LIMITED,,,2119
2324,2025-11-13 16:52:45.770,2025-11-13 16:52:45.770,,not-deleted,,,,HMT MACHINE TOOLS LIMITED,,,2119
2407,2025-11-13 16:52:45.770,2025-11-13 16:52:45.770,,not-deleted,,,,SAMBHAR SALTS LIMITED,,,2119
2408,2025-11-13 16:52:45.770,2025-11-13 16:52:45.770,,not-deleted,,,,THE AUTOMOTIVE RESEARCH ASSOCIATION OF INDIA,,,2119
2381,2025-11-13 16:52:45.770,2025-11-13 16:52:45.770,,not-deleted,,,,NEPA MILLS LIMITED NEPANAGAR BURHANPUR,,,2119
2422,2025-11-13 16:52:45.770,2025-11-13 16:52:45.770,,not-deleted,,,,GEOLOGICAL SURVEY OF INDIA (GSI),,,2422
2472,2025-11-13 16:52:45.770,2025-11-13 16:52:45.770,,not-deleted,,,,HINDUSTAN COPPER LIMITED,,,2422
2522,2025-11-13 16:52:45.770,2025-11-13 16:52:45.770,,not-deleted,,,,INDIAN BUREAU OF MINES,,,2422
2537,2025-11-13 16:52:45.770,2025-11-13 16:52:45.770,,not-deleted,,,,JAWAHARLAL NEHRU ALUMINIUM RESEARCH DEVELOPMENT AND DESIGN CENTRE (JNARDDC),,,2422
2544,2025-11-13 16:52:45.770,2025-11-13 16:52:45.770,,not-deleted,,,,MINERAL EXPLORATION AND CONSULTANCY LIMITED,,,2422
2560,2025-11-13 16:52:45.770,2025-11-13 16:52:45.770,,not-deleted,,,,NATIONAL ALUMINIUM COMPANY LIMITED,,,2422
2579,2025-11-13 16:52:45.770,2025-11-13 16:52:45.770,,not-deleted,,,,"NATIONAL ALUMINIUM COMPANY LIMITED, BHUBANESWAR",,,2422
2629,2025-11-13 16:52:45.770,2025-11-13 16:52:45.770,,not-deleted,,,,NATIONAL INSTITUTE OF ROCK MECHANICS (NIRM),,,2422
2630,2025-11-13 16:52:45.770,2025-11-13 16:52:45.770,,not-deleted,,,,INDIAN RENEWABLE ENERGY DEVELOPMENT AGENCY,,,2630
2631,2025-11-13 16:52:45.770,2025-11-13 16:52:45.770,,not-deleted,,,,MINISTRY OF NEW AND RENEWABLE ENERGY,,,2630
3350,2025-11-13 16:52:45.770,2025-11-13 16:52:45.770,,not-deleted,,,,KONKAN LNG LIMITED,,,2640
2632,2025-11-13 16:52:45.770,2025-11-13 16:52:45.770,,not-deleted,,,,NATIONAL INSTITUTE OF WIND ENERGY,,,2630
2638,2025-11-13 16:52:45.770,2025-11-13 16:52:45.770,,not-deleted,,,,SOLAR ENERGY CORPORATION OF INDIA LIMITED,,,2630
2639,2025-11-13 16:52:45.770,2025-11-13 16:52:45.770,,not-deleted,,,,SSS NATIONAL INSTITUTE OF BIO ENERGY,,,2630
3355,2025-11-13 16:52:45.770,2025-11-13 16:52:45.770,,not-deleted,,,,M/S GREEN GAS LIMITED,,,2640
3254,2025-11-13 16:52:45.770,2025-11-13 16:52:45.770,,not-deleted,,,,IOCL- DIGBOI REFINERY,,,2640
3938,2025-11-13 16:52:45.770,2025-11-13 16:52:45.770,,not-deleted,,,,ENERGY EFFICIENCY SERVICES LIMITED,,,3765
3840,2025-11-13 16:52:45.770,2025-11-13 16:52:45.770,,not-deleted,,,,BHARATIYA RAIL BIJLEE COMPANY LIMITED,,,3765
3691,2025-11-13 16:52:45.770,2025-11-13 16:52:45.770,,not-deleted,,,,INDIAN MARITIME UNIVERSITY,,,3619
3093,2025-11-13 16:52:45.770,2025-11-13 16:52:45.770,,not-deleted,,,,HPCL RAJASTHAN REFINERY LIMITED,,,2640
3702,2025-11-13 16:52:45.770,2025-11-13 16:52:45.770,,not-deleted,,,,INDIAN PORT RAIL AND ROPEWAY CORPORATION LIMITED,,,3619
3108,2025-11-13 16:52:45.770,2025-11-13 16:52:45.770,,not-deleted,,,,HPCL RENEWABLE AND GREEN ENERGY LTD,,,2640
3111,2025-11-13 16:52:45.770,2025-11-13 16:52:45.770,,not-deleted,,,,INDIAN INSTITUTE OF PETROLEUM AND ENERGY,,,2640
2903,2025-11-13 16:52:45.770,2025-11-13 16:52:45.770,,not-deleted,,,,ENGINEERS INDIA LIMITED,,,2640
3269,2025-11-13 16:52:45.770,2025-11-13 16:52:45.770,,not-deleted,,,,IOCL- ERPL,,,2640
3704,2025-11-13 16:52:45.770,2025-11-13 16:52:45.770,,not-deleted,,,,INLAND WATERWAYS AUTHORITY OF INDIA (IWAI),,,3619
3276,2025-11-13 16:52:45.770,2025-11-13 16:52:45.770,,not-deleted,,,,IOCL- NRPL,,,2640
3493,2025-11-13 16:52:45.770,2025-11-13 16:52:45.770,,not-deleted,,,,OIL AND NATURAL GAS CORPORATION LIMITED,,,2640
3407,2025-11-13 16:52:45.770,2025-11-13 16:52:45.770,,not-deleted,,,,MANGALORE REFINERY AND PETROCHEMICALS LIMITED,,,2640
2929,2025-11-13 16:52:45.770,2025-11-13 16:52:45.770,,not-deleted,,,,GAIL GAS LIMITED,,,2640
2990,2025-11-13 16:52:45.770,2025-11-13 16:52:45.770,,not-deleted,,,,GAIL MANGALORE PETROCHEMICALS LIMITED,,,2640
4046,2025-11-13 16:52:45.770,2025-11-13 16:52:45.770,,not-deleted,,,,NORTH EASTERN ELECTRIC POWER CORPORATION LIMITED,,,3765
3598,2025-11-13 16:52:45.770,2025-11-13 16:52:45.770,,not-deleted,,,,RESEARCH & DEVELOPMENT CENTRE (MATERIALS DEPARTMENT),,,2640
3471,2025-11-13 16:52:45.770,2025-11-13 16:52:45.770,,not-deleted,,,,NUMALIGARH REFINERY LIMITED,,,2640
3968,2025-11-13 16:52:45.770,2025-11-13 16:52:45.770,,not-deleted,,,,NHDC LIMITED,,,3765
3163,2025-11-13 16:52:45.770,2025-11-13 16:52:45.770,,not-deleted,,,,INDRADHANUSH GAS GRID LIMITED GUWAHATI,,,2640
3213,2025-11-13 16:52:45.770,2025-11-13 16:52:45.770,,not-deleted,,,,IOCL,,,2640
3743,2025-11-13 16:52:45.770,2025-11-13 16:52:45.770,,not-deleted,,,,THE SHIPPING CORPORATION OF INDIA LIMITED,,,3619
3751,2025-11-13 16:52:45.770,2025-11-13 16:52:45.770,,not-deleted,,,,TUTICORIN PORT TRUST,,,3619
3612,2025-11-13 16:52:45.770,2025-11-13 16:52:45.770,,not-deleted,,,,THE RAJIV GANDHI INSTITUTE OF PETROLEUM TECHNOLOGY (RGIPT) RAE BARELI UTTAR PRADESH,,,2640
2640,2025-11-13 16:52:45.770,2025-11-13 16:52:45.770,,not-deleted,,,,BALMER LAWRIE AND COMPANY LIMITED,,,2640
3618,2025-11-13 16:52:45.770,2025-11-13 16:52:45.770,,not-deleted,,,,VISAKHAPATNAM PORT LOGISTICS PARK LIMITED,,,2640
3619,2025-11-13 16:52:45.770,2025-11-13 16:52:45.770,,not-deleted,,,,ANDAMAN LAKSHADWEEP HARBOUR WORKS (ALHW),,,3619
3622,2025-11-13 16:52:45.770,2025-11-13 16:52:45.770,,not-deleted,,,,CHENNAI PORT TRUST,,,3619
3623,2025-11-13 16:52:45.770,2025-11-13 16:52:45.770,,not-deleted,,,,COCHIN PORT TRUST,,,3619
2687,2025-11-13 16:52:45.770,2025-11-13 16:52:45.770,,not-deleted,,,,BHARAT PETROLEUM CORPORATION LTD,,,2640
2787,2025-11-13 16:52:45.770,2025-11-13 16:52:45.770,,not-deleted,,,,BHARAT PETRORESOURCES LIMITED,,,2640
3753,2025-11-13 16:52:45.770,2025-11-13 16:52:45.770,,not-deleted,,,,UDUPI COCHIN SHIPYARD LIMITED,,,3619
3705,2025-11-13 16:52:45.770,2025-11-13 16:52:45.770,,not-deleted,,,,JAWAHARLAL NEHRU PORT TRUST,,,3619
3718,2025-11-13 16:52:45.770,2025-11-13 16:52:45.770,,not-deleted,,,,KANDLA PORT TRUST,,,3619
3625,2025-11-13 16:52:45.770,2025-11-13 16:52:45.770,,not-deleted,,,,COCHIN SHIPYARD LTD,,,3619
3942,2025-11-13 16:52:45.770,2025-11-13 16:52:45.770,,not-deleted,,,,GRID CONTROLLER OF INDIA LIMITED,,,3765
3947,2025-11-13 16:52:45.770,2025-11-13 16:52:45.770,,not-deleted,,,,KANTI BIJLEE UTPADAN NIGAM LIMITED,,,3765
3719,2025-11-13 16:52:45.770,2025-11-13 16:52:45.770,,not-deleted,,,,KOLKATA PORT TRUST,,,3619
2788,2025-11-13 16:52:45.770,2025-11-13 16:52:45.770,,not-deleted,,,,BRAHMAPUTRA CRACKER AND POLYMER LIMITED,,,2640
2801,2025-11-13 16:52:45.770,2025-11-13 16:52:45.770,,not-deleted,,,,CERTIFICATION ENGINEERS INTERNATIONAL LIMITED,,,2640
3214,2025-11-13 16:52:45.770,2025-11-13 16:52:45.770,,not-deleted,,,,IOCL BONGAIGAON REFINERY,,,2640
3112,2025-11-13 16:52:45.770,2025-11-13 16:52:45.770,,not-deleted,,,,INDIAN OIL CORPORATION LIMITED,,,2640
3162,2025-11-13 16:52:45.770,2025-11-13 16:52:45.770,,not-deleted,,,,INDIANOIL UPSTREAM VENTURES LIMITED FORMERLY MPL,,,2640
3723,2025-11-13 16:52:45.770,2025-11-13 16:52:45.770,,not-deleted,,,,MORMUGAO PORT TRUST,,,3619
3854,2025-11-13 16:52:45.770,2025-11-13 16:52:45.770,,not-deleted,,,,BOKARO POWER SUPPLY COMPANY PRIVATE LIMITED,,,3765
2940,2025-11-13 16:52:45.770,2025-11-13 16:52:45.770,,not-deleted,,,,GAIL INDIA LIMITED,,,2640
2802,2025-11-13 16:52:45.770,2025-11-13 16:52:45.770,,not-deleted,,,,CHENNAI PETROLEUM CORPORATION LIMITED,,,2640
2902,2025-11-13 16:52:45.770,2025-11-13 16:52:45.770,,not-deleted,,,,DIRECTORATE GENERAL OF HYDROCARBONS (DGH) NOIDA,,,2640
3357,2025-11-13 16:52:45.770,2025-11-13 16:52:45.770,,not-deleted,,,,MANGALORE REFINERY & PETROCHEMICALS LIMITED,,,2640
3040,2025-11-13 16:52:45.770,2025-11-13 16:52:45.770,,not-deleted,,,,HINDUSTAN PETROLEUM CORPORATION LTD,,,2640
3790,2025-11-13 16:52:45.770,2025-11-13 16:52:45.770,,not-deleted,,,,BHAKRA BEAS MANAGEMENT BOARD,,,3765
3090,2025-11-13 16:52:45.770,2025-11-13 16:52:45.770,,not-deleted,,,,HPCL LNG LIMITED,,,2640
3239,2025-11-13 16:52:45.770,2025-11-13 16:52:45.770,,not-deleted,,,,IOCL BUSINESS DEVELOPMENT,,,2640
3250,2025-11-13 16:52:45.770,2025-11-13 16:52:45.770,,not-deleted,,,,IOCL MARKETING IOAODSO DIMAPUR LPG BP,,,2640
3251,2025-11-13 16:52:45.770,2025-11-13 16:52:45.770,,not-deleted,,,,IOCL MARKETING UPSO II MEERUT TERMINAL,,,2640
3252,2025-11-13 16:52:45.770,2025-11-13 16:52:45.770,,not-deleted,,,,IOCL MARKETTING RSO BHARATPUR TERMINAL,,,2640
3253,2025-11-13 16:52:45.770,2025-11-13 16:52:45.770,,not-deleted,,,,IOCL RAJASTHAN STATE OFFICE LPG,,,2640
3672,2025-11-13 16:52:45.770,2025-11-13 16:52:45.770,,not-deleted,,,,DIRECTORATE GENERAL OF LIGHTHOUSES AND LIGHTSHIPS,,,3619
3686,2025-11-13 16:52:45.770,2025-11-13 16:52:45.770,,not-deleted,,,,DIRECTORATE GENERAL OF SHIPPING,,,3619
3279,2025-11-13 16:52:45.770,2025-11-13 16:52:45.770,,not-deleted,,,,IOCL- PANIPAT REFINERY,,,2640
3687,2025-11-13 16:52:45.770,2025-11-13 16:52:45.770,,not-deleted,,,,DIRECTORATE GENERAL OF SHIPPING MUMBAI,,,3619
3755,2025-11-13 16:52:45.770,2025-11-13 16:52:45.770,,not-deleted,,,,VISAKHAPATNAM PORT TRUST (VPT),,,3619
3689,2025-11-13 16:52:45.770,2025-11-13 16:52:45.770,,not-deleted,,,,DREDGING CORPORATION OF INDIA LIMITED,,,3619
3690,2025-11-13 16:52:45.770,2025-11-13 16:52:45.770,,not-deleted,,,,HCSL,,,3619
3329,2025-11-13 16:52:45.770,2025-11-13 16:52:45.770,,not-deleted,,,,IOCL- PLHO,,,2640
3335,2025-11-13 16:52:45.770,2025-11-13 16:52:45.770,,not-deleted,,,,IOCL- SERPL,,,2640
3726,2025-11-13 16:52:45.770,2025-11-13 16:52:45.770,,not-deleted,,,,MUMBAI PORT TRUST,,,3619
3338,2025-11-13 16:52:45.770,2025-11-13 16:52:45.770,,not-deleted,,,,IOCL- SRPL,,,2640
3420,2025-11-13 16:52:45.770,2025-11-13 16:52:45.770,,not-deleted,,,,MARKETING DIVISION,,,2640
3470,2025-11-13 16:52:45.770,2025-11-13 16:52:45.770,,not-deleted,,,,MUMBAI AVIATION FUEL FARM FACILITY PRIVATE LIMITED,,,2640
3733,2025-11-13 16:52:45.770,2025-11-13 16:52:45.770,,not-deleted,,,,NEW MANGALORE PORT AUTHORITY,,,3619
3543,2025-11-13 16:52:45.770,2025-11-13 16:52:45.770,,not-deleted,,,,OIL INDIA LIMITED,,,2640
3341,2025-11-13 16:52:45.770,2025-11-13 16:52:45.770,,not-deleted,,,,IOCL- WRPL,,,2640
3948,2025-11-13 16:52:45.770,2025-11-13 16:52:45.770,,not-deleted,,,,KIRU HEP CVPPPL,,,3765
3765,2025-11-13 16:52:45.770,2025-11-13 16:52:45.770,,not-deleted,,,,ARAVALI POWER COMPANY PRIVATE LIMITED,,,3765
3593,2025-11-13 16:52:45.770,2025-11-13 16:52:45.770,,not-deleted,,,,PETRONET MHB LIMITED,,,2640
3863,2025-11-13 16:52:45.770,2025-11-13 16:52:45.770,,not-deleted,,,,CENTRAL POWER RESEARCH INSTITUTE (CPRI) BANGALORE KARNATAKA,,,3765
3735,2025-11-13 16:52:45.770,2025-11-13 16:52:45.770,,not-deleted,,,,PARADIP PORT AUTHORITY,,,3619
3742,2025-11-13 16:52:45.770,2025-11-13 16:52:45.770,,not-deleted,,,,SEAMENS PROVIDENT FUND ORGANISATION,,,3619
3897,2025-11-13 16:52:45.770,2025-11-13 16:52:45.770,,not-deleted,,,,CENTRAL TRANSMISSION UTILITY OF INDIA LIMITED,,,3765
3898,2025-11-13 16:52:45.770,2025-11-13 16:52:45.770,,not-deleted,,,,CHENAB VALLEY POWER PROJECTS PVT LTD,,,3765
4062,2025-11-13 16:52:45.770,2025-11-13 16:52:45.770,,not-deleted,,,,NORTH EASTERN REGIONAL POWER COMMITTEE,,,3765
3996,2025-11-13 16:52:45.770,2025-11-13 16:52:45.770,,not-deleted,,,,NHPC LIMITED,,,3765
3950,2025-11-13 16:52:45.770,2025-11-13 16:52:45.770,,not-deleted,,,,MEJA URJA NIGAMPLIMITED,,,3765
3900,2025-11-13 16:52:45.770,2025-11-13 16:52:45.770,,not-deleted,,,,DAMODAR VALLEY CORPORATION,,,3765
4187,2025-11-13 16:52:45.770,2025-11-13 16:52:45.770,,not-deleted,,,,PAKAL DUL HE PROJECT CVPP,,,3765
4117,2025-11-13 16:52:45.770,2025-11-13 16:52:45.770,,not-deleted,,,,NTPC RENEWABLE ENERGY LIMITED,,,3765
4063,2025-11-13 16:52:45.770,2025-11-13 16:52:45.770,,not-deleted,,,,NTPC GREEN ENERGY LIMITED,,,3765
4067,2025-11-13 16:52:45.770,2025-11-13 16:52:45.770,,not-deleted,,,,NTPC LIMITED,,,3765
4123,2025-11-13 16:52:45.770,2025-11-13 16:52:45.770,,not-deleted,,,,NTPC SAIL POWER COMPANY LTD,,,3765
4173,2025-11-13 16:52:45.770,2025-11-13 16:52:45.770,,not-deleted,,,,NTPC TAMILNADU ENERGY COMPANY LTD,,,3765
4289,2025-11-13 16:52:45.770,2025-11-13 16:52:45.770,,not-deleted,,,,POWER FINANCE CORPORATION LIMITED,,,3765
4237,2025-11-13 16:52:45.770,2025-11-13 16:52:45.770,,not-deleted,,,,PATRATU VIDYUT UTPADAN NIGAM LIMITED,,,3765
4293,2025-11-13 16:52:45.770,2025-11-13 16:52:45.770,,not-deleted,,,,POWER GRID CORPORATION OF INDIA LIMITED,,,3765
4343,2025-11-13 16:52:45.770,2025-11-13 16:52:45.770,,not-deleted,,,,POWERGRID ENERGY SERVICES LTD,,,3765
4359,2025-11-13 16:52:45.770,2025-11-13 16:52:45.770,,not-deleted,,,,RATLE HYDROELECTRIC POWER CORPORATION LIMITED,,,3765
4344,2025-11-13 16:52:45.770,2025-11-13 16:52:45.770,,not-deleted,,,,POWERGRID TELESERVICES LIMITED,,,3765
4360,2025-11-13 16:52:45.770,2025-11-13 16:52:45.770,,not-deleted,,,,RATNAGIRI GAS AND POWER PRIVATE LIMITED,,,3765
4365,2025-11-13 16:52:45.770,2025-11-13 16:52:45.770,,not-deleted,,,,RURAL ELECTRIFICATION CORPORATION LIMITED,,,3765
4370,2025-11-13 16:52:45.770,2025-11-13 16:52:45.770,,not-deleted,,,,SJVN LIMITED,,,3765
4400,2025-11-13 16:52:45.770,2025-11-13 16:52:45.770,,not-deleted,,,,THDC INDIA LIMITED,,,3765
4412,2025-11-13 16:52:45.770,2025-11-13 16:52:45.770,,not-deleted,,,,TUSCO LIMITED,,,3765
4414,2025-11-13 16:52:45.770,2025-11-13 16:52:45.770,,not-deleted,,,,WESTERN REGIONAL POWER COMMITTEE (WRPC),,,3765
4416,2025-11-13 16:52:45.770,2025-11-13 16:52:45.770,,not-deleted,,,,BANARAS LOCOMOTIVE WORKS,,,4416
4753,2025-11-13 16:52:45.770,2025-11-13 16:52:45.770,,not-deleted,,,,NATIONAL HIGH SPEED RAIL CORPORATION LIMITED,,,4416
5867,2025-11-13 16:52:45.770,2025-11-13 16:52:45.770,,not-deleted,,,,SALEM STEEL PLANT,,,5413
5040,2025-11-13 16:52:45.770,2025-11-13 16:52:45.770,,not-deleted,,,,RDSO,,,4416
4758,2025-11-13 16:52:45.770,2025-11-13 16:52:45.770,,not-deleted,,,,NFR CONSTRUCTION,,,4416
4807,2025-11-13 16:52:45.770,2025-11-13 16:52:45.770,,not-deleted,,,,NORTH EAST FRONTIER RAILWAY,,,4416
4907,2025-11-13 16:52:45.770,2025-11-13 16:52:45.770,,not-deleted,,,,NORTH WESTERN RAILWAY,,,4416
5618,2025-11-13 16:52:45.770,2025-11-13 16:52:45.770,,not-deleted,,,,MOIL LIMITED,,,5413
5263,2025-11-13 16:52:45.770,2025-11-13 16:52:45.770,,not-deleted,,,,WEST CENTRAL RAILWAY,,,4416
4625,2025-11-13 16:52:45.770,2025-11-13 16:52:45.770,,not-deleted,,,,EASTERN RAILWAY,,,4416
4675,2025-11-13 16:52:45.770,2025-11-13 16:52:45.770,,not-deleted,,,,GATI SHAKTI VISHWAVIDYALAYA,,,4416
5650,2025-11-13 16:52:45.770,2025-11-13 16:52:45.770,,not-deleted,,,,MSTC LIMITED,,,5413
5313,2025-11-13 16:52:45.770,2025-11-13 16:52:45.770,,not-deleted,,,,WESTERN RAILWAY,,,4416
4676,2025-11-13 16:52:45.770,2025-11-13 16:52:45.770,,not-deleted,,,,INDIAN RAILWAY CATERING AND TOURISM CORPORATION LIMITED,,,4416
5050,2025-11-13 16:52:45.770,2025-11-13 16:52:45.770,,not-deleted,,,,RITES LIMITED,,,4416
5808,2025-11-13 16:52:45.770,2025-11-13 16:52:45.770,,not-deleted,,,,ROURKELA STEEL PLANT,,,5413
5858,2025-11-13 16:52:45.770,2025-11-13 16:52:45.770,,not-deleted,,,,SAIL GROWTH WORKS,,,5413
5413,2025-11-13 16:52:45.770,2025-11-13 16:52:45.770,,not-deleted,,,,ALLOY STEEL PLANT,,,5413
4685,2025-11-13 16:52:45.770,2025-11-13 16:52:45.770,,not-deleted,,,,INTEGRAL COACH FACTORY,,,4416
4531,2025-11-13 16:52:45.770,2025-11-13 16:52:45.770,,not-deleted,,,,EAST CENTRAL RAILWAY,,,4416
4696,2025-11-13 16:52:45.770,2025-11-13 16:52:45.770,,not-deleted,,,,IRCON INTERNATIONAL LIMITED,,,4416
4424,2025-11-13 16:52:45.770,2025-11-13 16:52:45.770,,not-deleted,,,,CENTRAL RAILWAY,,,4416
5753,2025-11-13 16:52:45.770,2025-11-13 16:52:45.770,,not-deleted,,,,RASHTRIYA ISPAT NIGAM LIMITED,,,5413
5113,2025-11-13 16:52:45.770,2025-11-13 16:52:45.770,,not-deleted,,,,SOUTH EAST CENTRAL RAILWAY,,,4416
4474,2025-11-13 16:52:45.770,2025-11-13 16:52:45.770,,not-deleted,,,,CENTRE FOR RAILWAY INFORMATION SYSTEMS,,,4416
5859,2025-11-13 16:52:45.770,2025-11-13 16:52:45.770,,not-deleted,,,,SAIL REFRACTORY UNIT,,,5413
5803,2025-11-13 16:52:45.770,2025-11-13 16:52:45.770,,not-deleted,,,,RESEARCH & DEVELOPMENT CENTRE FOR IRON & STEEL,,,5413
5465,2025-11-13 16:52:45.770,2025-11-13 16:52:45.770,,not-deleted,,,,BOKARO STEEL PLANT,,,5413
4482,2025-11-13 16:52:45.770,2025-11-13 16:52:45.770,,not-deleted,,,,CHITTARANJAN LOCOMOTIVE WORKS,,,4416
4493,2025-11-13 16:52:45.770,2025-11-13 16:52:45.770,,not-deleted,,,,COFMOW,,,4416
4763,2025-11-13 16:52:45.770,2025-11-13 16:52:45.770,,not-deleted,,,,NORTH CENTRAL RAILWAY,,,4416
5546,2025-11-13 16:52:45.770,2025-11-13 16:52:45.770,,not-deleted,,,,IISCO STEEL PLANT,,,5413
5515,2025-11-13 16:52:45.770,2025-11-13 16:52:45.770,,not-deleted,,,,CENTRAL MARKETING ORGANISATION,,,5413
5521,2025-11-13 16:52:45.770,2025-11-13 16:52:45.770,,not-deleted,,,,CENTRE FOR ENGINEERING AND TECHNOLOGY,,,5413
5213,2025-11-13 16:52:45.770,2025-11-13 16:52:45.770,,not-deleted,,,,SOUTHERN RAILWAY,,,4416
4701,2025-11-13 16:52:45.770,2025-11-13 16:52:45.770,,not-deleted,,,,KONKAN RAILWAY CORPORATION LIMITED,,,4416
4857,2025-11-13 16:52:45.770,2025-11-13 16:52:45.770,,not-deleted,,,,NORTH EASTERN RAILWAY,,,4416
5522,2025-11-13 16:52:45.770,2025-11-13 16:52:45.770,,not-deleted,,,,COLLIERIES DIVISION,,,5413
4957,2025-11-13 16:52:45.770,2025-11-13 16:52:45.770,,not-deleted,,,,NORTHERN RAILWAY,,,4416
5524,2025-11-13 16:52:45.770,2025-11-13 16:52:45.770,,not-deleted,,,,CORPORATE OFFICE,,,5413
4726,2025-11-13 16:52:45.770,2025-11-13 16:52:45.770,,not-deleted,,,,METRO RAILWAY KOLKATA,,,4416
4494,2025-11-13 16:52:45.770,2025-11-13 16:52:45.770,,not-deleted,,,,DEDICATED FREIGHT CORRIDOR CORPORATION OF INDIA LIMITED,,,4416
5703,2025-11-13 16:52:45.770,2025-11-13 16:52:45.770,,not-deleted,,,,NMDC STEEL LIMITED,,,5413
4579,2025-11-13 16:52:45.770,2025-11-13 16:52:45.770,,not-deleted,,,,EAST COAST RAILWAY,,,4416
5917,2025-11-13 16:52:45.770,2025-11-13 16:52:45.770,,not-deleted,,,,VISVESVARAYA IRON AND STEEL PLANT,,,5413
5936,2025-11-13 16:52:45.770,2025-11-13 16:52:45.770,,not-deleted,,,,CENTRAL PUBLIC WORKS DEPARTMENT (CPWD),,,5936
4518,2025-11-13 16:52:45.770,2025-11-13 16:52:45.770,,not-deleted,,,,DIESEL LOCO MODERNISATION WORKS,,,4416
5007,2025-11-13 16:52:45.770,2025-11-13 16:52:45.770,,not-deleted,,,,RAIL COACH FACTORY KAPURTHALA,,,4416
5937,2025-11-13 16:52:45.770,2025-11-13 16:52:45.770,,not-deleted,,,,CPWD,,,5936
5938,2025-11-13 16:52:45.770,2025-11-13 16:52:45.770,,not-deleted,,,,DELHI DEVELOPMENT AUTHORITY,,,5936
5939,2025-11-13 16:52:45.770,2025-11-13 16:52:45.770,,not-deleted,,,,DELHI METRO RAIL CORPORATION,,,5936
4737,2025-11-13 16:52:45.770,2025-11-13 16:52:45.770,,not-deleted,,,,MODERN COACH FACTORY RAEBARELI,,,4416
5019,2025-11-13 16:52:45.770,2025-11-13 16:52:45.770,,not-deleted,,,,RAIL VIKAS NIGAM LIMITED,,,4416
5063,2025-11-13 16:52:45.770,2025-11-13 16:52:45.770,,not-deleted,,,,SOUTH CENTRAL RAILWAY,,,4416
5596,2025-11-13 16:52:45.770,2025-11-13 16:52:45.770,,not-deleted,,,,KIOCL LIMITED,,,5413
5422,2025-11-13 16:52:45.770,2025-11-13 16:52:45.770,,not-deleted,,,,BHILAI STEEL PLANT,,,5413
5024,2025-11-13 16:52:45.770,2025-11-13 16:52:45.770,,not-deleted,,,,RAIL WHEEL FACTORY YELAHANKA,,,4416
5527,2025-11-13 16:52:45.770,2025-11-13 16:52:45.770,,not-deleted,,,,DURGAPUR STEEL PLANT,,,5413
5036,2025-11-13 16:52:45.770,2025-11-13 16:52:45.770,,not-deleted,,,,RAILWAY BOARD,,,4416
5940,2025-11-13 16:52:45.770,2025-11-13 16:52:45.770,,not-deleted,,,,DIRECTORATE OF PRINTING,,,5936
5613,2025-11-13 16:52:45.770,2025-11-13 16:52:45.770,,not-deleted,,,,MECON LIMITED,,,5413
5163,2025-11-13 16:52:45.770,2025-11-13 16:52:45.770,,not-deleted,,,,SOUTH WESTERN RAILWAY,,,4416
5945,2025-11-13 16:52:45.770,2025-11-13 16:52:45.770,,not-deleted,,,,NATIONAL INSTITUTE OF URBAN AFFAIRS (NIUA),,,5936
5653,2025-11-13 16:52:45.770,2025-11-13 16:52:45.770,,not-deleted,,,,NMDC LIMITED,,,5413
